<application>
  <component name="FeatureSuggesterSettings">
    <option name="workingDays">
      <list>
        <option value="1650317461195" />
        <option value="1650481776787" />
        <option value="1650561677050" />
        <option value="1650904549354" />
        <option value="1650994967189" />
        <option value="1651079534651" />
        <option value="1651125610265" />
        <option value="1651363127848" />
        <option value="1651428096375" />
        <option value="1651505480704" />
        <option value="1651588228136" />
        <option value="1651675052632" />
        <option value="1651781565355" />
        <option value="1652196538223" />
        <option value="1652245020016" />
        <option value="1652328353190" />
        <option value="1652460272207" />
        <option value="1652508027765" />
        <option value="1652719041648" />
      </list>
    </option>
  </component>
</application>