<application>
  <component name="GoSdkList">
    <sdk-url>
      <set>
        <option value="" />
        <option value="file://$USER_HOME$/.local/share/mise/installs/go/1.22.7" />
        <option value="file:///nix/store/i3ab37h47xmd0zh75708gj57hah7v7f4-go-1.20.5/share/go" />
        <option value="file:///snap/go/7696" />
        <option value="file:///snap/go/current" />
        <option value="file:///usr/lib/go-1.13" />
        <option value="file:///usr/local/go" />
      </set>
    </sdk-url>
  </component>
</application>