<application>
  <component name="DimensionService">
    <location key="find.popup.0.0.3456.2234@192dpi" x="252" y="154" />
    <location key="find.popup.0.0.3840.2160@192dpi" x="280" y="90" />
    <size key="find.popup.0.0.3456.2234@192dpi" width="2882" height="1944" />
    <size key="GridCell.Tab.0.left.0.0.3456.2234@192dpi" width="3292" height="660" />
    <size key="GridCell.Tab.0.center.0.0.3456.2234@192dpi" width="3292" height="660" />
    <size key="GridCell.Tab.0.right.0.0.3456.2234@192dpi" width="3292" height="660" />
    <size key="GridCell.Tab.0.bottom.0.0.3456.2234@192dpi" width="3292" height="660" />
    <size key="GridCell.Tab.0.left.0.0.3840.2160@192dpi" width="3676" height="276" />
    <size key="GridCell.Tab.0.center.0.0.3840.2160@192dpi" width="3676" height="276" />
    <size key="GridCell.Tab.0.right.0.0.3840.2160@192dpi" width="3676" height="276" />
    <size key="GridCell.Tab.0.bottom.0.0.3840.2160@192dpi" width="3676" height="276" />
    <size key="GridCell.Tab.1.left.0.0.3840.2160@192dpi" width="3676" height="276" />
    <size key="GridCell.Tab.1.center.0.0.3840.2160@192dpi" width="3676" height="276" />
    <size key="GridCell.Tab.1.right.0.0.3840.2160@192dpi" width="3676" height="276" />
    <size key="GridCell.Tab.1.bottom.0.0.3840.2160@192dpi" width="3676" height="276" />
    <size key="find.popup.0.0.3840.2160@192dpi" width="3204" height="1936" />
    <size key="GridCell.Tab.1.left.0.0.3456.2234@192dpi" width="3292" height="660" />
    <size key="GridCell.Tab.1.center.0.0.3456.2234@192dpi" width="3292" height="660" />
    <size key="GridCell.Tab.1.right.0.0.3456.2234@192dpi" width="3292" height="660" />
    <size key="GridCell.Tab.1.bottom.0.0.3456.2234@192dpi" width="3292" height="660" />
  </component>
  <component name="WindowManager">
    <frame x="0" y="0" width="1920" height="1080" extendedState="6" fullScreen="true" />
  </component>
  <component name="WindowStateApplicationService">
    <state width="896" height="532" key="ShowUsagesActions.dimensionServiceKey.ideScale=95" timestamp="1738091779637">
      <screen x="0" y="0" width="1920" height="1080" />
    </state>
    <state width="896" height="532" key="ShowUsagesActions.dimensionServiceKey.ideScale=95/0.0.1920.1080" timestamp="1738091779637" />
  </component>
</application>