<keymap version="1" name="KevinKeymap" parent="Emacs">
  <action id=":cursive.actions.paredit/barf-backwards">
    <keyboard-shortcut first-keystroke="shift ctrl open_bracket" />
  </action>
  <action id=":cursive.actions.paredit/slurp-backwards">
    <keyboard-shortcut first-keystroke="shift ctrl 9" />
  </action>
  <action id="CopyElement" />
  <action id="Graph.RouteEdges" />
  <action id="RunToCursor">
    <keyboard-shortcut first-keystroke="f5" />
  </action>
  <action id="ShowBookmarks" />
  <action id="StepInto">
    <keyboard-shortcut first-keystroke="f11" />
  </action>
  <action id="StepOut">
    <keyboard-shortcut first-keystroke="shift f11" />
  </action>
  <action id="StepOver">
    <keyboard-shortcut first-keystroke="f10" />
  </action>
  <action id="ToggleBookmark" />
</keymap>