<application>
  <component name="CodeFoldingSettings">
    <option name="COLLAPSE_IMPORTS" value="false" />
    <option name="COLLAPSE_FILE_HEADER" value="false" />
  </component>
  <component name="EditorSettings">
    <option name="IS_FOLDING_OUTLINE_SHOWN" value="false" />
    <option name="IS_CAMEL_WORDS" value="true" />
  </component>
  <component name="InlayHintsSettings">
    <option name="disabledHintProviderIds">
      <set>
        <option value="Dockerfile.docker.inlay.hints" />
        <option value="JavaScript.js.chain.hints" />
        <option value="JavaScript.js.type.hints" />
        <option value="Markdown.MarkdownTableInlayProviderSettingsKey" />
        <option value="ObjectiveC.oc.type.hints" />
        <option value="Rust.chain-method.hints" />
        <option value="Rust.rust.type.hints" />
        <option value="SQL.sql.join.cardinality.hints" />
        <option value="TypeScript.ts.chain.hints" />
        <option value="TypeScript.ts.enum.hints" />
        <option value="TypeScript.ts.type.hints" />
      </set>
    </option>
    <option name="lastViewedProviderKeyId" value="" />
    <settingsMapElement>
      <ObjectiveC.oc.type.hints>
        <ClionClangTypeHintSettings>
          <option name="showDeducedReturnTypes" value="false" />
          <option name="showForLambdas" value="false" />
          <option name="showForVariables" value="false" />
        </ClionClangTypeHintSettings>
      </ObjectiveC.oc.type.hints>
      <JavaScript.js.type.hints>
        <Settings>
          <option name="showForInferredParameters" value="false" />
        </Settings>
      </JavaScript.js.type.hints>
      <Rust.rust.type.hints>
        <Settings>
          <option name="showForIterators" value="false" />
          <option name="showForLambdas" value="false" />
          <option name="showForPlaceholders" value="false" />
          <option name="showForVariables" value="false" />
        </Settings>
      </Rust.rust.type.hints>
      <TypeScript.ts.type.hints>
        <Settings>
          <option name="showForInferredParameters" value="false" />
        </Settings>
      </TypeScript.ts.type.hints>
      <Rust.chain-method.hints>
        <Settings>
          <option name="iteratorSpecialCase" value="false" />
          <option name="showSameConsecutiveTypes" value="false" />
        </Settings>
      </Rust.chain-method.hints>
    </settingsMapElement>
  </component>
  <component name="OCCodeFoldingSettings">
    <option name="collapseConditionallyNotCompiled" value="false" />
    <option name="collapseNewLineBeforeLBrace" value="false" />
    <option name="COLLAPSE_CONDITIONALLY_NOT_COMPILED" value="false" />
    <option name="COLLAPSE_NEW_LINE_BEFORE_LBRACE" value="false" />
  </component>
  <component name="TodoConfiguration">
    <pattern pattern="\btodo\b.*" />
    <pattern pattern="\bfixme\b.*" />
  </component>
  <component name="XmlFoldingSettings">
    <option name="COLLAPSE_HTML_STYLE_ATTRIBUTE" value="false" />
    <option name="COLLAPSE_ENTITIES" value="false" />
    <option name="COLLAPSE_DATA_URI" value="false" />
  </component>
</application>