<application>
  <component name="CodeLensSettings" enabled="false">
    <enabled>
      <map>
        <entry key="Derived symbols" value="true" />
        <entry key="Exposing API" value="true" />
        <entry key="Extension methods" value="true" />
        <entry key="IL code" value="true" />
        <entry key="Unity Assets Usage" value="true" />
        <entry key="Unity implicit usage" value="true" />
        <entry key="Unity serialized field" value="true" />
        <entry key="Usages" value="true" />
        <entry key="VcsAuthorCodeLensProvider" value="true" />
      </map>
    </enabled>
  </component>
</application>