<application>
  <component name="GeneralSettings">
    <option name="reopenLastProject" value="false" />
  </component>
  <component name="Registry">
    <entry key="ide.borderless.title.project.path" value="false" />
    <entry key="ide.borderless.title.classpath" value="false" />
    <entry key="ide.borderless.title.product" value="false" />
    <entry key="ide.borderless.title.debug" value="true" />
    <entry key="ide.title.debug" value="true" />
    <entry key="ide.svg.icon" value="true" />
    <entry key="ide.win.frame.decoration" value="true" />
    <entry key="show.diff.preview.as.editor.tab" value="true" />
    <entry key="vcs.log.show.diff.preview.as.editor.tab" value="true" />
    <entry key="search.everywhere.settings" value="true" />
    <entry key="light.edit.file.open.enabled" value="false" />
    <entry key="rdclient.asyncActions" value="false" />
    <entry key="debugger.watches.in.variables" value="false" />
    <entry key="ide.tree.expand.navigatable.on.double.click.disabled" value="true" />
    <entry key="use.tabbed.welcome.screen" value="false" />
    <entry key="ide.new.project.model" value="false" />
    <entry key="ide.mac.bigsur.window.with.tabs.enabled" value="false" />
    <entry key="actionSystem.fix.alt.gr" value="false" />
    <entry key="rider.enable.designer.winForms" value="true" />
  </component>
</application>